{
  "length": {
    "ankle_length": 53,
    "calf_length": 138,
    "leg_length": 329,
    "thigh_length": 138
  },
  "offset": {
    "hip_pitch_offset": 7.599999999999987,
    "pitch_offset": -1.5999999999999992,
    "roll_offset": -0.1000000000000002,
    "x_offset": 7,
    "y_offset": 22,
    "yaw_offset": -0.30000000447034836,
    "z_offset": 20
  },
  "ratio": {
    "arm_swing_gain": 0,
    "backward_hip_comp_ratio": -0.10000002458691598,
    "dsp_comp_ratio": -0.3,
    "dsp_ratio": -0.10000000089406967,
    "foot_accel_ratio": 0.12000000000000001,
    "foot_comp_ratio": 0.5,
    "foot_height": 25,
    "forward_hip_comp_ratio": -0.31000000000000005,
    "move_accel_ratio": 0.15,
    "period_comp_ratio": -0.5,
    "period_time": 600,
    "swing_right_left": 0.009999999999999997,
    "swing_up_down": 0
  }
}
