{
  "length": {
    "ankle_length": 39,
    "calf_length": 138,
    "leg_length": 315,
    "thigh_length": 138
  },
  "offset": {
    "hip_pitch_offset": 12.399999999999995,
    "pitch_offset": -0.20000000000000004,
    "roll_offset": 0,
    "x_offset": 0,
    "y_offset": 55,
    "yaw_offset": 5,
    "z_offset": 20
  },
  "ratio": {
    "arm_swing_gain": 0,
    "backward_hip_comp_ratio": -0.0500000032782555,
    "dsp_comp_ratio": 2.957880473886121e-08,
    "dsp_ratio": -0.00999998182058337,
    "foot_accel_ratio": 0.1200000011473894,
    "foot_comp_ratio": 0.01,
    "foot_height": 25,
    "forward_hip_comp_ratio": -0.07999999664723884,
    "move_accel_ratio": 0.9,
    "period_comp_ratio": 0,
    "period_time": 580,
    "swing_right_left": 1.0430813190964727e-07,
    "swing_up_down": 0
  }
}
