{
  "length": {
    "ankle_length": 39,
    "calf_length": 138,
    "leg_length": 315,
    "thigh_length": 138
  },
  "offset": {
    "hip_pitch_offset": 13.399999999999995,
    "pitch_offset": 0.9999999999999991,
    "roll_offset": 0.2,
    "x_offset": 15,
    "y_offset": 11,
    "yaw_offset": 5,
    "z_offset": 18
  },
  "ratio": {
    "arm_swing_gain": 0,
    "backward_hip_comp_ratio": -0.0500000032782555,
    "dsp_comp_ratio": -0.049999970421195264,
    "dsp_ratio": -0.11999998182058336,
    "foot_accel_ratio": 0.2,
    "foot_comp_ratio": 0.01,
    "foot_height": 25,
    "forward_hip_comp_ratio": -0.00999999664723883,
    "move_accel_ratio": 0.2,
    "period_comp_ratio": 0,
    "period_time": 580,
    "swing_right_left": 1.0430813190964727e-07,
    "swing_up_down": 0
  }
}
