{
  "length": {
    "ankle_length": 53,
    "calf_length": 138,
    "leg_length": 329,
    "thigh_length": 138
  },
  "offset": {
    "hip_pitch_offset": 10.599999999999987,
    "pitch_offset": -1.5999999999999992,
    "roll_offset": -0.1000000000000002,
    "x_offset": 9,
    "y_offset": 22,
    "yaw_offset": 1,
    "z_offset": 20
  },
  "ratio": {
    "arm_swing_gain": 0,
    "backward_hip_comp_ratio": -0.10000000327825558,
    "dsp_comp_ratio": 0.10999999999999999,
    "dsp_ratio": -0.10999999999999999,
    "foot_accel_ratio": 0.10000000000000002,
    "foot_comp_ratio": 0.5,
    "foot_height": 22,
    "forward_hip_comp_ratio": -0.21000000000000002,
    "move_accel_ratio": 0.10,
    "period_comp_ratio": 0,
    "period_time": 560,
    "swing_right_left": 0,
    "swing_up_down": 0
  }
}
