{
    "image_size": {
      "width": 320,
      "height": 240
    },
    "distortion_model": "plumb_bob",
    "intrinsic_parameters": {
      "focal_length": {
        "x": 1394.6027293299926,
        "y": 1394.6027293299926
      },
      "principal_point": {
        "x": 995.588675691456,
        "y": 599.3212928484164
      },
      "distortion_coefficients": {
        "k1": 0.11480806073904032,
        "k2": -0.21946985653851792,
        "t1": 0.0012002116999769957,
        "t2": 0.008564577708855225,
        "k3": 0.11274677130853494
      }
    }
  }
  