{
    "image_size": {
      "width": 320,
      "height": 240
    },
    "distortion_model": "plumb_bob",
    "intrinsic_parameters": {
      "focal_length": {
        "x": 257.376401,
        "y": 257.733418
      },
      "principal_point": {
        "x": 160.385504,
        "y": 121.587673
      },
      "distortion_coefficients": {
        "k1": 0.172170,
        "k2": -0.326515,
        "t1": -0.002538,
        "t2": 0.009660,
        "k3": 0.000000
      }
    }
  }
  