{
  "camera_matrix": {
    "fx": 307.14964873535683,
    "fy": 307.6893165617407,
    "cx": 161.10693544414923,
    "cy": 128.29333420629163
  },
  "image": {
    "width": 320,
    "height": 240
  },
  "distortion": {
    "use_distortion": true,
    "k1": 0.13695681680354366,
    "k2": -0.49621433702102363,
    "p1": 0.009281993416967263,
    "p2": 0.0032786323753310866,
    "k3": 1.0131389477425876,
    "k4": 0.0,
    "k5": 0.0,
    "k6": 0.0
  }
}