{
  "length": {
    "thigh_length": 138,
    "calf_length": 138,
    "ankle_length": 49,
    "leg_length": 325
  },
  "offset": {
    "x_offset": 10,
    "y_offset": 25,
    "z_offset": 45,
    "roll_offset": -0.3000000193715096,
    "pitch_offset": -6.200000062584877,
    "yaw_offset": -2.980232283178452e-8,
    "hip_pitch_offset": 6.700000055134298
  },
  "ratio": {
    "period_time": 650,
    "dsp_ratio": -0.01999998904764655,
    "foot_height": 22,
    "swing_right_left": 1.000000104308132,
    "swing_up_down": 0,
    "arm_swing_gain": -2.980232233218416e-8,
    "backward_hip_comp_ratio": 0.01000000089406955,
    "forward_hip_comp_ratio": -0.1099999983608723,
    "foot_comp_ratio": 2.23517426789499e-10,
    "dsp_comp_ratio": -0.009999970197677843,
    "period_comp_ratio": 0,
    "move_accel_ratio": 0.15,
    "foot_accel_ratio": 0.07400000223517417
  }
}
