{
  "ratio": {
    "dsp_ratio": -0.049999989047646576,
    "foot_height": 35,
    "swing_right_left": 5,
    "swing_up_down": 0,
    "arm_swing_gain": 0,
    "backward_hip_comp_ratio": -0.1699999980628492,
    "forward_hip_comp_ratio": -0.19999999880790714,
    "foot_comp_ratio": 0,
    "dsp_comp_ratio": 0,
    "move_accel_ratio": 0.24999999999999994,
    "foot_accel_ratio": 0.18000000245869163,
    "period_time": 600,
    "period_comp_ratio": 0
  },
  "offset": {
    "x_offset": 5,
    "y_offset": 25,
    "z_offset": 30,
    "roll_offset": 0,
    "pitch_offset": 2.8000000000000016,
    "yaw_offset": 0,
    "hip_pitch_offset": 11.400000000000002
  },
  "length": {
    "leg_length": 453.7,
    "thigh_length": 199,
    "calf_length": 199,
    "ankle_length": 59.7
  }
}
