{
  "length": {
    "thigh_length": 134,
    "calf_length": 112,
    "ankle_length": 34,
    "leg_length": 280
  },
  "offset": {
    "hip_pitch_offset": 23.00000001490116,
    "roll_offset": 1.500000000000004,
    "pitch_offset": -1.400000011920929,
    "yaw_offset": -1.490116097180305e-08,
    "x_offset": 17,
    "y_offset": 22,
    "z_offset": 35
  },
  "ratio": {
    "period_time": 650,
    "dsp_ratio": -0.07199999999999999,
    "foot_height": 26,
    "swing_right_left": 0,
    "swing_up_down": 0,
    "arm_swing_gain": -1.490116113833651e-08,
    "backward_hip_comp_ratio": 0.1799001544505361,
    "forward_hip_comp_ratio": -0.230000003874302,
    "foot_comp_ratio": 0.6,
    "dsp_comp_ratio": 0.05,
    "period_comp_ratio": 0,
    "move_accel_ratio": 0.1199999995529652,
    "foot_accel_ratio": 0.1000000001490117
  }
}
