{
  "length": {
    "ankle_length": 34,
    "calf_length": 112,
    "leg_length": 280,
    "thigh_length": 134
  },
  "offset": {
    "hip_pitch_offset": 28.50000000000002,
    "pitch_offset": 1.4000000000000004,
    "roll_offset": 2,
    "x_offset": -15,
    "y_offset": 25,
    "yaw_offset": 0,
    "z_offset": 27
  },
  "ratio": {
    "arm_swing_gain": -1.490116113833651e-08,
    "backward_hip_comp_ratio": 0.13000000000000006,
    "dsp_comp_ratio": 0.05000000000000002,
    "dsp_ratio": -0.1,
    "foot_accel_ratio": 0.10000000014901173,
    "foot_comp_ratio": 0.6,
    "foot_height": 25,
    "forward_hip_comp_ratio": 0.15999999999999986,
    "move_accel_ratio": 0.24000000558793547,
    "period_comp_ratio": 0,
    "period_time": 560,
    "swing_right_left": 0,
    "swing_up_down": 0
  }
}
