{
  "PanTiltToDistance": {
    "pan_4_tilt_2": 5.210259442e-9,
    "pan_3_tilt_3": 3.003947968e-9,
    "pan_3_tilt_1": 1.460699928e-5,
    "pan_1_tilt_5": 6.816034402e-9,
    "pan_0_tilt_4": 0.001038157898,
    "pan_1_tilt_2": -0.001106552733,
    "pan_5_tilt_1": -6.565426025e-10,
    "pan_4_tilt_0": 6.89264079e-6,
    "pan_5_tilt_0": 1.00182753e-8,
    "pan_0_tilt_6": 1.232264115e-7,
    "pan_4_tilt_1": -2.066300351e-7,
    "pan_6_tilt_0": -4.410747914e-10,
    "pan_2_tilt_4": 5.03513342e-8,
    "pan_0_tilt_0": 23.29877379,
    "pan_2_tilt_3": -4.135434807e-6,
    "pan_3_tilt_2": -2.843364424e-7,
    "pan_1_tilt_3": 6.136680159000001e-5,
    "pan_1_tilt_4": -1.101682294e-6,
    "pan_0_tilt_5": -1.885309407e-5,
    "pan_2_tilt_2": 8.846286174e-5,
    "pan_0_tilt_3": -0.02358820314,
    "pan_3_tilt_0": -0.0001651130201,
    "pan_1_tilt_1": -0.0146124816,
    "pan_2_tilt_1": 1.332082477e-5,
    "pan_2_tilt_0": -0.01831426377,
    "pan_0_tilt_2": 0.18267461,
    "pan_0_tilt_1": 1.127008823,
    "pan_1_tilt_0": 0.3093351489
  },
  "Offset": {
    "pan_offset": 0,
    "tilt_offset": 0
  },
  "Limit": {
    "right_limit": -75,
    "left_limit": 75,
    "bottom_limit": -75,
    "top_limit": 20
  },
  "Scan": {
    "scan_speed": 0.4,
    "left_limit": 75,
    "right_limit": -75,
    "top_limit": 45,
    "bottom_limit": -75
  },
  "Gain": {
    "pan_p_gain": 0.03500000000000002,
    "pan_d_gain": 0.02000000000000001,
    "tilt_p_gain": 0.035000000000000007,
    "tilt_d_gain": 0.030000000000000003
  },
  "Center": {
    "pan_center": 0,
    "tilt_center": 0
  },
  "FOVCamera": {
    "horizontal_fov": 79.5,
    "vertical_fov": 58
  },
  "PanTiltToDistanceRegression": {
    "distance_polynomial_coefficients": [
      35.7961693,
      0.0357424393,
      0.2127413,
      0.00487344805,
      -0.00158022996,
      0.117938802,
      -6.14626624e-05,
      -0.000386167201,
      5.93139412e-05,
      0.004271104,
      -9.53703307e-07,
      2.65874206e-07,
      5.39565281e-06,
      1.63291895e-06,
      -0.000426357787,
      1.30857796e-08,
      8.94906833e-08,
      -2.30559394e-08,
      2.67718807e-08,
      1.21122099e-08,
      8.1890712e-06
    ],
    "distance_polynomial_degrees": [
      [0,0],
      [1,0],
      [0,1],
      [2,0],
      [1,1],
      [0,2],
      [3,0],
      [2,1],
      [1,2],
      [0,3],
      [4,0],
      [3,1],
      [2,2],
      [1,3],
      [0,4],
      [5,0],
      [4,1],
      [3,2],
      [2,3],
      [1,4],
      [0,5]
    ]
  },
  "PanDistanceToTilt": {
    "pan_1_distance_1": -0.003021888273,
    "pan_0_distance_2": -0.02092478237,
    "pan_1_distance_0": 0.08740940421,
    "pan_0_distance_1": 2.130496073,
    "pan_0_distance_0": -40.32690856,
    "pan_1_distance_3": -4.228681525e-7,
    "pan_2_distance_2": 5.302981935e-7,
    "pan_0_distance_3": 0.0001136175956,
    "pan_3_distance_1": -2.28056223e-7,
    "pan_3_distance_0": -5.700541137e-6,
    "pan_4_distance_0": -7.167782744e-7,
    "pan_2_distance_1": -7.011807716e-5,
    "pan_1_distance_2": 5.449817457e-5,
    "pan_2_distance_0": 0.002037715335,
    "pan_0_distance_4": -3.421654045e-7
  }
}
