{
  "PanTiltToDistance": {
    "pan_4_tilt_2": 5.210259442e-9,
    "pan_3_tilt_3": 3.003947968e-9,
    "pan_3_tilt_1": 1.460699928e-5,
    "pan_1_tilt_5": 6.816034402e-9,
    "pan_0_tilt_4": 0.001038157898,
    "pan_1_tilt_2": -0.001106552733,
    "pan_5_tilt_1": -6.565426025e-10,
    "pan_4_tilt_0": 6.89264079e-6,
    "pan_5_tilt_0": 1.00182753e-8,
    "pan_0_tilt_6": 1.232264115e-7,
    "pan_4_tilt_1": -2.066300351e-7,
    "pan_6_tilt_0": -4.410747914e-10,
    "pan_2_tilt_4": 5.03513342e-8,
    "pan_0_tilt_0": 23.29877379,
    "pan_2_tilt_3": -4.135434807e-6,
    "pan_3_tilt_2": -2.843364424e-7,
    "pan_1_tilt_3": 6.136680159000001e-5,
    "pan_1_tilt_4": -1.101682294e-6,
    "pan_0_tilt_5": -1.885309407e-5,
    "pan_2_tilt_2": 8.846286174e-5,
    "pan_0_tilt_3": -0.02358820314,
    "pan_3_tilt_0": -0.0001651130201,
    "pan_1_tilt_1": -0.0146124816,
    "pan_2_tilt_1": 1.332082477e-5,
    "pan_2_tilt_0": -0.01831426377,
    "pan_0_tilt_2": 0.18267461,
    "pan_0_tilt_1": 1.127008823,
    "pan_1_tilt_0": 0.3093351489
  },
  "Offset": {
    "pan_offset": 0,
    "tilt_offset": 0
  },
  "Limit": {
    "right_limit": -80,
    "left_limit": 80,
    "bottom_limit": -75,
    "top_limit": 10
  },
  "Scan": {
    "scan_speed": 0.8,
    "left_limit": 80,
    "right_limit": -80,
    "top_limit": 10,
    "bottom_limit": -55
  },
  "Gain": {
    "pan_p_gain": 0.03375,
    "pan_d_gain": 0.01,
    "tilt_p_gain": 0.035,
    "tilt_d_gain": 0.01
  },
  "Center": {
    "pan_center": 0,
    "tilt_center": 0
  },
  "FOVCamera": {
    "horizontal_fov": 79.5,
    "vertical_fov": 58
  },
  "DistanceRegression": {
    "distance_polynomial_coefficients": [
      1.53939150e+02,
      -1.71106602e-02,
      8.12306150e+00,
      4.43219902e-03,
      -4.53592808e-03,
      2.53508544e-01,
      -2.13931742e-05,
      1.61949365e-04,
      -1.37400203e-04,
      4.41594195e-03,
      -2.17968395e-07,
      4.87342456e-07,
      -1.24970826e-06,
      -1.75829162e-06,
      3.58701086e-05,
      4.78682439e-09,
      -1.58984348e-08,
      6.93208403e-09,
      -2.83357517e-08,
      -8.70859686e-09,
      1.04025907e-07
    ],
    "distance_polynomial_degrees": [
      [0, 0],
      [1, 0],
      [0, 1],
      [2, 0],
      [1, 1],
      [0, 2],
      [3, 0],
      [2, 1],
      [1, 2],
      [0, 3],
      [4, 0],
      [3, 1],
      [2, 2],
      [1, 3],
      [0, 4],
      [5, 0],
      [4, 1],
      [3, 2],
      [2, 3],
      [1, 4],
      [0, 5]
    ],
    "tilt_polynomial_coefficients": [
      -6.73786423e+01,
      9.44784692e-05,
      9.98612044e-01,
      3.64153739e-04,
      -6.47145093e-06,
      -4.06495719e-03,
      -7.49046081e-08,
      -1.09958210e-05,
      1.59534923e-07,
      -1.40915970e-07
    ]
  },
  "PanDistanceToTilt": {
    "pan_4_distance_0": -7.1677827440000001e-07,
    "pan_3_distance_1": -2.28056223e-07,
    "pan_2_distance_2": 5.3029819349999999e-07,
    "pan_1_distance_3": -4.228681525e-07,
    "pan_0_distance_4": -3.4216540450000001e-07,
    "pan_3_distance_0": -5.7005411370000003e-06,
    "pan_2_distance_1": -7.0118077159999996e-05,
    "pan_1_distance_2": 5.4498174570000002e-05,
    "pan_0_distance_3": 0.0001136175956,
    "pan_2_distance_0": 0.0020377153349999998,
    "pan_1_distance_1": -0.0030218882730000001,
    "pan_0_distance_2": -0.020924782369999999,
    "pan_1_distance_0": 0.08740940421,
    "pan_0_distance_1": 2.1304960730000002,
    "pan_0_distance_0": -40.32690856
  }
}
