{
  "PanTiltToDistance": {
    "pan_2_tilt_4": 1.415505522e-08,
    "pan_4_tilt_1": -2.904505701e-08,
    "pan_0_tilt_0": 25.36030389,
    "pan_5_tilt_1": -9.08936549e-10,
    "pan_3_tilt_3": -2.149701385e-09,
    "pan_6_tilt_0": 2.480891036e-10,
    "pan_4_tilt_0": -3.557962387e-06,
    "pan_4_tilt_2": 6.93397179e-09,
    "pan_1_tilt_5": -1.371272827e-08,
    "pan_2_tilt_3": 3.504246007e-07,
    "pan_5_tilt_0": 1.170185156e-09,
    "pan_0_tilt_6": 6.41691123e-08,
    "pan_3_tilt_2": 1.630140957e-08,
    "pan_0_tilt_5": -5.607725355e-06,
    "pan_1_tilt_4": 1.335700566e-06,
    "pan_2_tilt_2": -5.312643489e-05,
    "pan_3_tilt_1": 7.942514957e-06,
    "pan_1_tilt_3": -1.729370552e-05,
    "pan_3_tilt_0": -2.874183773e-05,
    "pan_0_tilt_4": 0.0001219713958,
    "pan_0_tilt_3": 0.001226801325,
    "pan_1_tilt_2": -0.0006227263273,
    "pan_2_tilt_1": 0.000249232861,
    "pan_1_tilt_1": -1.1012918e-05,
    "pan_2_tilt_0": 0.01781422158,
    "pan_0_tilt_2": -0.01865082761,
    "pan_0_tilt_1": 1.511088002,
    "pan_1_tilt_0": 0.1253607986
  },
  "TiltToDistance": {
    "pan_0_tilt_0": 2.6475905253664462e+002,
    "pan_0_tilt_1": 1.6128171239536520e+001,
    "pan_0_tilt_2": 5.5614448229076574e-001,
    "pan_0_tilt_3": 9.5735269003676977e-003,
    "pan_0_tilt_4": 6.1704352180105802e-005
  },
  "Offset": {
    "pan_offset": 0,
    "tilt_offset": 0
  },
  "Limit": {
    "right_limit": -100,
    "left_limit": 100,
    "bottom_limit": -75,
    "top_limit": 30
  },
  "Gain": {
    "pan_d_gain": 0,
    "tilt_d_gain": 0,
    "pan_p_gain": 0.05,
    "tilt_p_gain": 0.05
  },
  "Center": {
  "pan_center": 0,
  "tilt_center": 0
  },
  "PanDistanceToTilt": {
    "pan_1_distance_1": -0.003021888273,
    "pan_0_distance_2": -0.02092478237,
    "pan_1_distance_0": 0.08740940421,
    "pan_0_distance_1": 2.130496073,
    "pan_0_distance_0": -40.32690856,
    "pan_1_distance_3": -4.228681525e-07,
    "pan_2_distance_2": 5.302981935e-07,
    "pan_0_distance_3": 0.0001136175956,
    "pan_3_distance_1": -2.28056223e-07,
    "pan_3_distance_0": -5.700541137e-06,
    "pan_4_distance_0": -7.167782744e-07,
    "pan_2_distance_1": -7.011807716e-05,
    "pan_1_distance_2": 5.449817457e-05,
    "pan_2_distance_0": 0.002037715335,
    "pan_0_distance_4": -3.421654045e-07
  }
}