{
  "length": {
    "ankle_length": 34,
    "calf_length": 112,
    "leg_length": 280,
    "thigh_length": 134
  },
  "offset": {
    "x_offset": -7,
    "y_offset": 22,
    "z_offset": 33,
    "roll_offset": 0.9999999925494234,
    "pitch_offset": 2.9999999940395359,
    "yaw_offset": -1.0000000149011612,
    "hip_pitch_offset": 24
  },
  "ratio": {
    "dsp_ratio": -0.012000001341104502,
    "foot_height": 25,
    "swing_right_left": 0,
    "swing_up_down": 0,
    "arm_swing_gain": -1.490116113833651e-08,
    "backward_hip_comp_ratio": 0.099900159963965729,
    "forward_hip_comp_ratio": -0.16000000171363363,
    "foot_comp_ratio": 0.59999999999999998,
    "dsp_comp_ratio": 0.050000000000000003,
    "move_accel_ratio": 0.35000000558793548,
    "foot_accel_ratio": 0.1000000001490117,
    "period_time": 580,
    "period_comp_ratio": 0
  }
}