{
  "length": {
    "ankle_length": 34,
    "calf_length": 112,
    "leg_length": 280,
    "thigh_length": 134
  },
  "offset": {
    "hip_pitch_offset": 8.000000000000004,
    "pitch_offset": 0,
    "roll_offset": 0,
    "x_offset": 7,
    "y_offset": 26,
    "yaw_offset": -1.0000000149011612,
    "z_offset": 26
  },
  "ratio": {
    "arm_swing_gain": -1.490116113833651e-08,
    "backward_hip_comp_ratio": 0.08990015996396575,
    "dsp_comp_ratio": 0.05,
    "dsp_ratio": -0.012000001341104502,
    "foot_accel_ratio": 0.1000000001490117,
    "foot_comp_ratio": 0.6,
    "foot_height": 25,
    "forward_hip_comp_ratio": 0.1799999982863663,
    "move_accel_ratio": 0.3500000055879355,
    "period_comp_ratio": 0,
    "period_time": 580,
    "swing_right_left": 0,
    "swing_up_down": 0
  }
}
