{
  "length": {
    "ankle_length": 34,
    "calf_length": 112,
    "leg_length": 280,
    "thigh_length": 134
  },
  "offset": {
    "x_offset": -16,
    "y_offset": 22,
    "z_offset": 20,
    "roll_offset": -1,
    "pitch_offset": 6.999999999999998,
    "yaw_offset": 0,
    "hip_pitch_offset": 16.59999999999999
  },
  "ratio": {
    "dsp_ratio": -0.09999999999999995,
    "foot_height": 22,
    "swing_right_left": 0,
    "swing_up_down": 0,
    "arm_swing_gain": 0,
    "backward_hip_comp_ratio": -0.04009984003603426,
    "forward_hip_comp_ratio": -0.060000001713633795,
    "foot_comp_ratio": 0.49999999999999994,
    "dsp_comp_ratio": 0,
    "move_accel_ratio": 0.15000000558793533,
    "foot_accel_ratio": 0.15000000014901171,
    "period_time": 560,
    "period_comp_ratio": -0.5
  }
}
