{
  "position_offset": {
    "x": 0.04999999701976776,
    "y": -0.009999999776482582,
    "z": 0.0
  },
  "rotation_offset": {
    "pitch": 0.0,
    "roll": 1.3700001239776611,
    "yaw": 0.0
  }
}
