{
  "position_offset": {
    "x": 0.0,
    "y": 0.0,
    "z": 0.0
  },
  "rotation_offset_center": {
    "pitch": 4.599999904632568,
    "roll": 2.799999952316284,
    "yaw": 2.0999999046325684
  },
  "rotation_offset_side": {
    "pitch": 4.599999904632568,
    "roll": -0.4000000059604645,
    "yaw": 2.0999999046325684
  }
}
