{
  "camera_matrix": {
    "fx": 244.15560035753052,
    "fy": 244.6064697061835,
    "cx": 151.04566893941345,
    "cy": 127.51539461608331
  },
  "image": {
    "width": 320,
    "height": 240
  },
  "distortion": {
    "use_distortion": false,
    "k1": 0.042318154173743606,
    "k2": -0.8142875348334718,
    "p1": 0.009172391122952483,
    "p2": -0.007525022822402909,
    "k3": 2.457239440729074,
    "k4": 0,
    "k5": 0,
    "k6": 0
  }
}