{
  "camera_matrix": {
    "fx": 324.9721946,
    "fy": 323.7667542,
    "cx": 157.2543202,
    "cy": 116.6573347
  },
  "image": {
    "width": 320,
    "height": 240
  },
  "distortion": {
    "use_distortion": false,
    "k1": -12.0956201,
    "k2": 3.8177251,
    "p1": 0.0019083,
    "p2": -0.0099409,
    "k3": 232.6681204,
    "k4": 0,
    "k5": 0,
    "k6": 0
  }
}