{
  "camera_matrix": {
    "fx": 253.68451383710345,
    "fy": 254.49786008182954,
    "cx": 165.20437532043792,
    "cy": 115.91777532452316
  },
  "image": {
    "width": 320,
    "height": 240
  },
  "distortion": {
    "use_distortion": true,
    "k1": 0.05676599842850922,
    "k2": 0.3244255897340581,
    "p1": -0.005650843490240825,
    "p2": 0.016506975278863387,
    "k3": -2.340169185508273,
    "k4": 0,
    "k5": 0,
    "k6": 0
  }
}
