{
  "ratio": {
    "dsp_ratio": -0.01000000000000001,
    "foot_height": 24,
    "swing_right_left": 0,
    "swing_up_down": 0,
    "arm_swing_gain": 0,
    "backward_hip_comp_ratio": 0.09000000469386582,
    "forward_hip_comp_ratio": 0.10999999999999999,
    "foot_comp_ratio": 0.2,
    "dsp_comp_ratio": -0.5,
    "move_accel_ratio": 0.20000000022351738,
    "foot_accel_ratio": 0.1499999840557575,
    "period_time": 570,
    "period_comp_ratio": 0
  },
  "offset": {
    "x_offset": 5,
    "y_offset": 26,
    "z_offset": 40,
    "roll_offset": 0,
    "pitch_offset": 4.300000000000003,
    "yaw_offset": 0,
    "hip_pitch_offset": 15.400000074505815
  },
  "length": {
    "leg_length": 280,
    "thigh_length": 134,
    "calf_length": 112,
    "ankle_length": 34
  }
}
