{
  "camera_matrix": {
    "fx": 255.11344906204624,
    "fy": 255.22481767439626,
    "cx": 153.18070867850986,
    "cy": 124.61797230831966
  },
  "image": {
    "width": 320,
    "height": 240
  },
  "distortion": {
    "use_distortion": false,
    "k1": 0.0767135349768275,
    "k2": -0.1497411470477333,
    "p1": -3.522421780038742e-06,
    "p2": -0.003173417790645514,
    "k3": -0.060409903226063474,
    "k4": 0.0,
    "k5": 0.0,
    "k6": 0.0
  }
}
