{
  "camera_matrix": {
    "fx": 253.8828230,
    "fy": 254.9255728,
    "cx": 157.9392259,
    "cy": 129.0552894
  },
  "image": {
    "width": 320,
    "height": 240
  },
  "distortion": {
    "use_distortion": false,
    "k1": -10.5885119,
    "k2": 35.4111307,
    "p1": 0.0036984,
    "p2": 0.0003687,
    "k3": 95.8347022
  }
}