{
  "camera_matrix": {
    "fx": 251.05190330676962,
    "fy": 251.0169097091657,
    "cx": 156.68399187077262,
    "cy": 119.71133445386428
  },
  "image": {
    "width": 320,
    "height": 240
  },
  "distortion": {
    "use_distortion": false,
    "k1": 0.10569857218925857,
    "k2": -0.4479937897166884,
    "p1": 0.00013537005069131272,
    "p2": 0.0008367513187276635,
    "k3": 0.6163187047499893,
    "k4": 0,
    "k5": 0,
    "k6": 0
  }
}