{
  "position_offset": {
    "x": 0.0,
    "y": 0.0,
    "z": 0.0
  },
  "rotation_offset": {
    "pitch": -0.1000000461935997,
    "roll": -1.899999976158142,
    "yaw": 0.0
  }
}
