{
  "camera_matrix": {
    "fx": 257.598126911705,
    "fy": 257.9165158243551,
    "cx": 157.526743907883,
    "cy": 125.24471143188443
  },
  "image": {
    "width": 320,
    "height": 240
  },
  "distortion": {
    "use_distortion": true,
    "k1": 0.06946582584936484,
    "k2": -0.06115682571458215,
    "p1": 0.00015740224442081408,
    "p2": 0.005153793703823394,
    "k3": -0.21062625056560288,
    "k4": 0.0,
    "k5": 0.0,
    "k6": 0.0
  }
}