{
  "camera_matrix": {
    "fx": 253.7872586439052,
    "fy": 254.44058361093224,
    "cx": 153.12108021286411,
    "cy": 120.11848836494849
  },
  "image": {
    "width": 320,
    "height": 240
  },
  "distortion": {
    "use_distortion": true,
    "k1": 0.061630071600879154,
    "k2": -0.031059498860152596,
    "p1": -0.007899136759200457,
    "p2": -0.0026462658037253476,
    "k3": -0.4912621100292822,
    "k4": 0.0,
    "k5": 0.0,
    "k6": 0.0
  }
}
