{
  "PanTiltToDistance": {
    "pan_4_tilt_2": 5.210259442e-9,
    "pan_3_tilt_3": 3.003947968e-9,
    "pan_3_tilt_1": 1.460699928e-5,
    "pan_1_tilt_5": 6.816034402e-9,
    "pan_0_tilt_4": 0.001038157898,
    "pan_1_tilt_2": -0.001106552733,
    "pan_5_tilt_1": -6.565426025e-10,
    "pan_4_tilt_0": 6.89264079e-6,
    "pan_5_tilt_0": 1.00182753e-8,
    "pan_0_tilt_6": 1.232264115e-7,
    "pan_4_tilt_1": -2.066300351e-7,
    "pan_6_tilt_0": -4.410747914e-10,
    "pan_2_tilt_4": 5.03513342e-8,
    "pan_0_tilt_0": 23.29877379,
    "pan_2_tilt_3": -4.135434807e-6,
    "pan_3_tilt_2": -2.843364424e-7,
    "pan_1_tilt_3": 6.136680159000001e-5,
    "pan_1_tilt_4": -1.101682294e-6,
    "pan_0_tilt_5": -1.885309407e-5,
    "pan_2_tilt_2": 8.846286174e-5,
    "pan_0_tilt_3": -0.02358820314,
    "pan_3_tilt_0": -0.0001651130201,
    "pan_1_tilt_1": -0.0146124816,
    "pan_2_tilt_1": 1.332082477e-5,
    "pan_2_tilt_0": -0.01831426377,
    "pan_0_tilt_2": 0.18267461,
    "pan_0_tilt_1": 1.127008823,
    "pan_1_tilt_0": 0.3093351489
  },
  "Offset": {
    "pan_offset": 0,
    "tilt_offset": 0
  },
  "Limit": {
    "left_limit": 90,
    "right_limit": -90,
    "top_limit": 0,
    "bottom_limit": -85
  },
  "Scan": {
    "scan_speed": 0.4,
    "left_limit": 90,
    "right_limit": -90,
    "top_limit": 0,
    "bottom_limit": -75
  },
  "Gain": {
    "pan_p_gain": 0.03000000000000002,
    "pan_d_gain": 0.008000000000000001,
    "tilt_p_gain": 0.030000000000000007,
    "tilt_d_gain": 0.050000000000000003
  },
  "Center": {
    "pan_center": 0,
    "tilt_center": 0
  },
  "FOVCamera": {
    "horizontal_fov": 79.5,
    "vertical_fov": 58
  },
  "DistanceRegression": {
    "distance_polynomial_coefficients": [
      3.74081496e+02,  2.89383020e-01,  1.87220420e+01,  2.39359395e-02,
        2.80179259e-02,  4.05049188e-01, -3.16164426e-05,  1.39614050e-03,
        1.05766742e-03,  4.01340924e-03,  3.54094781e-07, -3.24443195e-07,
        2.86079314e-05,  1.63729234e-05,  1.39297115e-05,  3.79596530e-09,
        6.91335549e-09, -2.21261655e-09,  1.93976763e-07,  8.78513230e-08,
       -3.34717348e-09
    ],
    "distance_polynomial_degrees": [
      [0,0],
      [1,0],
      [0,1],
      [2,0],
      [1,1],
      [0,2],
      [3,0],
      [2,1],
      [1,2],
      [0,3],
      [4,0],
      [3,1],
      [2,2],
      [1,3],
      [0,4],
      [5,0],
      [4,1],
      [3,2],
      [2,3],
      [1,4],
      [0,5]
    ],
    "tilt_polynomial_coefficients": [
      -7.70454291e+01, -5.63485834e-03,  4.10077131e-01,  8.56781596e-04,
        2.73307810e-04,  1.76718736e-02,  1.73884864e-05, -5.09590591e-05,
       -1.83529678e-05, -3.34198289e-04, -5.44337865e-08, -1.92461968e-08,
        5.11458396e-07,  2.11503899e-07,  2.16644748e-06, -3.24622080e-09,
        4.05565571e-10,  3.77265111e-10, -1.65605588e-09, -7.24378881e-10,
       -4.84640214e-09
    ]
  },
  "PanDistanceToTilt": {
    "pan_4_distance_0": -7.1677827440000001e-07,
    "pan_3_distance_1": -2.28056223e-07,
    "pan_2_distance_2": 5.3029819349999999e-07,
    "pan_1_distance_3": -4.228681525e-07,
    "pan_0_distance_4": -3.4216540450000001e-07,
    "pan_3_distance_0": -5.7005411370000003e-06,
    "pan_2_distance_1": -7.0118077159999996e-05,
    "pan_1_distance_2": 5.4498174570000002e-05,
    "pan_0_distance_3": 0.0001136175956,
    "pan_2_distance_0": 0.0020377153349999998,
    "pan_1_distance_1": -0.0030218882730000001,
    "pan_0_distance_2": -0.020924782369999999,
    "pan_1_distance_0": 0.08740940421,
    "pan_0_distance_1": 2.1304960730000002,
    "pan_0_distance_0": -40.32690856
  }
}
