{
  "PanTiltToDistance": {
    "pan_4_tilt_2": 5.210259442e-9,
    "pan_3_tilt_3": 3.003947968e-9,
    "pan_3_tilt_1": 1.460699928e-5,
    "pan_1_tilt_5": 6.816034402e-9,
    "pan_0_tilt_4": 0.001038157898,
    "pan_1_tilt_2": -0.001106552733,
    "pan_5_tilt_1": -6.565426025e-10,
    "pan_4_tilt_0": 6.89264079e-6,
    "pan_5_tilt_0": 1.00182753e-8,
    "pan_0_tilt_6": 1.232264115e-7,
    "pan_4_tilt_1": -2.066300351e-7,
    "pan_6_tilt_0": -4.410747914e-10,
    "pan_2_tilt_4": 5.03513342e-8,
    "pan_0_tilt_0": 23.29877379,
    "pan_2_tilt_3": -4.135434807e-6,
    "pan_3_tilt_2": -2.843364424e-7,
    "pan_1_tilt_3": 6.136680159000001e-5,
    "pan_1_tilt_4": -1.101682294e-6,
    "pan_0_tilt_5": -1.885309407e-5,
    "pan_2_tilt_2": 8.846286174e-5,
    "pan_0_tilt_3": -0.02358820314,
    "pan_3_tilt_0": -0.0001651130201,
    "pan_1_tilt_1": -0.0146124816,
    "pan_2_tilt_1": 1.332082477e-5,
    "pan_2_tilt_0": -0.01831426377,
    "pan_0_tilt_2": 0.18267461,
    "pan_0_tilt_1": 1.127008823,
    "pan_1_tilt_0": 0.3093351489
  },
  "Offset": {
    "pan_offset": 0,
    "tilt_offset": 0
  },
  "Limit": {
    "left_limit": 90,
    "right_limit": -90,
    "top_limit": 10,
    "bottom_limit": -80
  },
  "Scan": {
    "scan_speed": 0.4,
    "left_limit": 90,
    "right_limit": -90,
    "top_limit": 10,
    "bottom_limit": -70
  },
  "Gain": {
    "pan_p_gain": 0.03000000000000002,
    "pan_d_gain": 0.02000000000000001,
    "tilt_p_gain": 0.030000000000000007,
    "tilt_d_gain": 0.030000000000000003
  },
  "Center": {
    "pan_center": 0,
    "tilt_center": 0
  },
  "FOVCamera": {
    "horizontal_fov": 79.5,
    "vertical_fov": 58
  },
  "PanTiltToDistanceRegression": {
    "distance_polynomial_coefficients": [
      181.846497,
      0.122137599,
      7.464077,
      0.0152328704,
      0.0104227103,
      0.154966697,
      -6.45558612e-06,
      0.000640479208,
      0.000273071986,
      0.00157503004,
      7.10603786e-07,
      -1.84605796e-07,
      5.81976292e-06,
      2.239379e-06,
      5.55732413e-06
    ],
    "distance_polynomial_degrees": [
      [0,0],
      [1,0],
      [0,1],
      [2,0],
      [1,1],
      [0,2],
      [3,0],
      [2,1],
      [1,2],
      [0,3],
      [4,0],
      [3,1],
      [2,2],
      [1,3],
      [0,4]
    ]
  },
  "PanDistanceToTilt": {
    "pan_4_distance_0": -7.1677827440000001e-07,
    "pan_3_distance_1": -2.28056223e-07,
    "pan_2_distance_2": 5.3029819349999999e-07,
    "pan_1_distance_3": -4.228681525e-07,
    "pan_0_distance_4": -3.4216540450000001e-07,
    "pan_3_distance_0": -5.7005411370000003e-06,
    "pan_2_distance_1": -7.0118077159999996e-05,
    "pan_1_distance_2": 5.4498174570000002e-05,
    "pan_0_distance_3": 0.0001136175956,
    "pan_2_distance_0": 0.0020377153349999998,
    "pan_1_distance_1": -0.0030218882730000001,
    "pan_0_distance_2": -0.020924782369999999,
    "pan_1_distance_0": 0.08740940421,
    "pan_0_distance_1": 2.1304960730000002,
    "pan_0_distance_0": -40.32690856
  }
}
