{
  "image_size": {
    "width": 320,
    "height": 240
  },
  "distortion_model": "pinhole",
  "intrinsic_parameters": {
    "focal_length": {
      "x": 232.73994455,
      "y": 232.29722415
    },
    "principal_point": {
      "x": 148.08704113,
      "y": 116.9780848
    },
    "distortion_coefficients": { 
      "k1": -17.1740852,
      "k2": 96.3060310,
      "t1": -0.0090709,
      "t2": -0.0109356,
      "k3": -168.9622780
    }
  }
}
