{
  "length": {
    "ankle_length": 53,
    "calf_length": 138,
    "leg_length": 329,
    "thigh_length": 138
  },
  "offset": {
    "hip_pitch_offset": 15.599999999999994,
    "pitch_offset": 2.399999999999999,
    "roll_offset": 2.8,
    "x_offset": 5,
    "y_offset": 22,
    "yaw_offset": 0.7000000000000002,
    "z_offset": 22
  },
  "ratio": {
    "arm_swing_gain": 0,
    "backward_hip_comp_ratio": -0.20000000000000012,
    "dsp_comp_ratio": 0,
    "dsp_ratio": -0.10000000089406967,
    "foot_accel_ratio": 0.2000000000003,
    "foot_comp_ratio": 0.5,
    "foot_height": 23,
    "forward_hip_comp_ratio": -0.10999999999999999,
    "move_accel_ratio": 0.19999999999999993,
    "period_comp_ratio": -0.5,
    "period_time": 550,
    "swing_right_left": 0.05,
    "swing_up_down": 0
  }
}
