{
  "length": {
    "ankle_length": 34,
    "calf_length": 112,
    "leg_length": 280,
    "thigh_length": 134
  },
  "offset": {
    "x_offset": -30,
    "y_offset": 20,
    "z_offset": 35,
    "roll_offset": 7.450584149637507e-9,
    "pitch_offset": 1.999999994039536,
    "yaw_offset": 2,
    "hip_pitch_offset": 30
  },
  "ratio": {
    "period_time": 670,
    "dsp_ratio": -0.05200000044703483,
    "foot_height": 16,
    "swing_right_left": 0,
    "swing_up_down": 0,
    "arm_swing_gain": -1.490116113833651e-8,
    "backward_hip_comp_ratio": 0.03999999813735484,
    "forward_hip_comp_ratio": -1.366598714799727e-9,
    "foot_comp_ratio": 0.6499999988824129,
    "dsp_comp_ratio": -0.4300000078976154,
    "period_comp_ratio": 0,
    "move_accel_ratio": 0.2600000001490116,
    "foot_accel_ratio": 0.152345678896444
  }
}
